
--
-- Table structure for table `landing_pods`
--

CREATE TABLE IF NOT EXISTS `landing_pods` (
  `id` int(10) NOT NULL AUTO_INCREMENT,
  `name` varchar(50) NOT NULL,
  `title` varchar(50) NOT NULL,
  `active` enum('true','false') NOT NULL DEFAULT 'false',
  `order` int(10) NOT NULL DEFAULT '0',
  `markup` longtext NOT NULL,
  `type` varchar(25) NOT NULL,
  `timestamp_created` timestamp NOT NULL DEFAULT CURRENT_TIMESTAMP,
  `timestamp_updated` timestamp NOT NULL DEFAULT '0000-00-00 00:00:00',
  PRIMARY KEY (`id`),
  UNIQUE KEY `id` (`id`),
  UNIQUE KEY `name` (`name`,`type`)
) ENGINE=InnoDB  DEFAULT CHARSET=utf8 AUTO_INCREMENT=101 ;

--
-- Dumping data for table `landing_pods`
--

REPLACE INTO `landing_pods` (`name`, `title`, `active`, `order`, `markup`, `type`) VALUES
('personalized-form', 'Personalized Seller Form', 'false', 0, '<section class="pod sellersIntroFull">\r\n\r\n    <div class="wrap">\r\n\r\n        <h1>{heading}</h1>\r\n        <h3>{sub-heading}</h3>\r\n\r\n        <div class="pod">\r\n\r\n            <div class="realtorProfile">\r\n                <img src="{image}" alt="{image-alt-text}">\r\n                {as-heard-on}\r\n            </div>\r\n\r\n            #form-seller-radio-simple#\r\n\r\n        </div>\r\n\r\n    </div>\r\n\r\n</section>', 'radio'),
('personalized-cta', 'Personalized CTA', 'false', 0, '<section class="pod sellersIntro">\r\n\r\n    <div class="wrap">\r\n\r\n        <div class="agentPhoto"><img src="{image}" alt="{image-alt-text}"></div>\r\n\r\n        <h1>{heading}</h1>\r\n\r\n        <p class="caption">{sub-heading}</p>\r\n\r\n            {as-heard-on}\r\n\r\n        </div>\r\n\r\n</section>', 'radio'),
('ad-player', 'Radio Ad Player', 'false', 0, '<section class="pod radioAds">\r\n\r\n    <div class="wrap">\r\n\r\n        <header>\r\n\r\n            <h2><i class="icon-microphone"></i> {heading}</h2>\r\n\r\n        </header>\r\n\r\n        <p>{audio-files}</p>\r\n\r\n    </div>\r\n\r\n</section>', 'radio'),
('phone-cta', 'Phone Contact CTA', 'false', 0, '<section class="pod readyToSell">\r\n\r\n    <div class="wrap">\r\n\r\n        <p><span>{heading}</span> {contact-info}</p>\r\n\r\n    </div>\r\n\r\n</section>', 'radio'),
('tabbed-content', 'Tabbed Content', 'false', 0, '<section class="pod sellerProgram">\r\n\r\n    <div class="wrap">\r\n\r\n        {tab-content}\r\n\r\n    </div>\r\n\r\n</section>', 'radio'),
('testimonials', 'Video Testimonials', 'false', 0, '<section class="pod videoTestimonials">\r\n\r\n    <div class="wrap">\r\n\r\n        <header>\r\n            <a href="{full-link}" class="allBtn">View All Videos <i class="icon-chevron-right"></i></a>\r\n            <h2 class="podHeader">{heading}</h2>\r\n        </header>\r\n\r\n        <div class="threeCol">\r\n            {video-1}\r\n        </div>\r\n\r\n        <div class="threeCol">\r\n            {video-2}\r\n        </div>\r\n\r\n        <div class="threeCol last">\r\n            {video-3}\r\n        </div>\r\n\r\n    </div>\r\n\r\n</section>', 'radio'),
('contact-form', 'Seller Form', 'false', 0, '<section class="pod contactForm">\r\n\r\n    <h2>{heading}</h2>\r\n\r\n    #form-seller-radio-boxed#\r\n\r\n</section>', 'radio');

--
-- Table structure for table `landing_pods_fields`
--

CREATE TABLE IF NOT EXISTS `landing_pods_fields` (
  `pod_name` varchar(50) NOT NULL,
  `name` varchar(50) NOT NULL,
  `title` varchar(50) NOT NULL,
  `order` int(10) NOT NULL DEFAULT '0',
  `type` enum('img','text','tinymce','audio','video','tabbed') NOT NULL,
  `hint` varchar(100) NOT NULL,
  `default` text NOT NULL,
  `value` text NOT NULL,
  PRIMARY KEY (`pod_name`,`name`)
) ENGINE=InnoDB DEFAULT CHARSET=utf8;

--
-- Dumping data for table `landing_pods_fields`
--

REPLACE INTO `landing_pods_fields` (`pod_name`, `name`, `title`, `order`, `type`, `hint`, `default`, `value`) VALUES
('personalized-form', 'button-text', 'Submit Button Text', 7, 'text', 'Submit', 'Go', ''),
('personalized-form', 'heading', 'Heading', 0, 'text', '', 'Contact Us', ''),
('personalized-form', 'image', 'Agent Image', 2, 'img', '285x377', '', ''),
('personalized-form', 'image-alt-text', 'Image Alternate Text', 3, 'text', '', '', ''),
('personalized-form', 'sub-heading', 'Sub-Heading', 1, 'text', '', 'Fill out the form below for a <b>FREE</b> home evaluation', ''),
('personalized-form', 'title-1', 'Contact Info Title', 4, 'text', 'Your Contact Information', '<b>Your Contact</b> Information', ''),
('personalized-form', 'title-2', 'Property Info Title', 5, 'text', 'Property Information', '<b>Property</b> Information', ''),
('personalized-form', 'title-3', 'Additional Info Title', 6, 'text', 'Additional Information', '<b>Additional</b> Information', ''),
('personalized-cta', 'heading', 'Heading', 0, 'text', '', 'Ready to Sell Your Home?', ''),
('personalized-cta', 'image', 'Agent Image', 2, 'img', '162x224', '', ''),
('personalized-cta', 'image-alt-text', 'Image Alternate Text', 3, 'text', '', '', ''),
('personalized-cta', 'sub-heading', 'Sub-Heading', 1, 'text', '', '<a href="javascript:openPage(''/contact.php'');">Contact us Today!</a>', ''),
('ad-player', 'audio-files', 'Audio Files', 0, 'audio', '', '', ''),
('ad-player', 'heading', 'Heading', 0, 'text', '', 'As Heard On&hellip;', ''),
('phone-cta', 'contact-info', 'Contact Blurb', 1, 'text', 'Contact us Today! Call 1(877)555-5555', '<a href="javascript:openPage(''/contact.php'');">Contact us Today!</a>', ''),
('phone-cta', 'heading', 'Heading', 0, 'text', 'Ready to Sell Your Home?', 'Ready to Sell Your Home?', ''),
('tabbed-content', 'tab-content', 'Tab Content', 0, 'tabbed', '', '<div class="tabset"><ul><li class="current last"><a href="#tab0">Tabbed Content</a></li></ul></div><div id="tab0" class="tab-contents">Lorem ipsum dolor sit amet, consectetur adipiscing elit, sed do eiusmod tempor incididunt ut labore et dolore magna aliqua. Ut enim ad minim veniam, quis nostrud exercitation ullamco laboris nisi ut aliquip ex ea commodo consequat. Duis aute irure dolor in reprehenderit in voluptate velit esse cillum dolore eu fugiat nulla pariatur. Excepteur sint occaecat cupidatat non proident, sunt in culpa qui officia deserunt mollit anim id est laborum.</div>', ''),
('testimonials', 'full-link', 'Video Testimonials Page Link', 4, 'text', '/testimonials.php', '/testimonials.php', ''),
('testimonials', 'heading', 'Heading', 0, 'text', '', 'Video Testimonials', ''),
('testimonials', 'video-1', 'Video 1 Embed Link', 1, 'video', 'Youtube or Vimeo embed link', '', ''),
('testimonials', 'video-2', 'Video 2 Embed Link', 2, 'video', 'Youtube or Vimeo embed link', '', ''),
('testimonials', 'video-3', 'Video 3 Embed Link', 3, 'video', 'Youtube or Vimeo embed link', '', ''),
('contact-form', 'button-text', 'Submit Button Text', 0, 'text', 'Submit', 'Go', ''),
('contact-form', 'heading', 'Heading', 0, 'text', '', 'Contact Us', ''),
('contact-form', 'title-1', 'Contact Info Title', 0, 'text', 'Your Contact Information', '<b>Your Contact</b> Information', ''),
('contact-form', 'title-2', 'Property Info Title', 0, 'text', 'Property Information', '<b>Property</b> Information', ''),
('contact-form', 'title-3', 'Additional Info Title', 0, 'text', 'Additional Information', '<b>Additional</b> Information', '');

--
-- Create Radio Landing Page Module Snippet
--

REPLACE INTO `snippets` (`agent`, `name`, `code`, `type`) VALUES
(1, 'radio-landing-page', '<?php\r\n\r\n// Radio Landing Page Module\r\n$module = new Module(''radio-landing-page'', array(''type'' => ''radio''));\r\n\r\n?>', 'module'),
(1, 'form-seller-radio-simple', '<form action="?submit" method="post">\r\n\r\n    <input type="hidden" name="sellerradiosimpleform" value="true">\r\n    <input class="hidden" name="email" value="" autocomplete="off">\r\n    <input class="hidden" name="first_name" value="" autocomplete="off">\r\n    <input class="hidden" name="last_name" value="" autocomplete="off">\r\n\r\n    <div class="step one">\r\n\r\n        <fieldset>\r\n\r\n            <h4>{title-1}</h4>\r\n\r\n            <div class="field x6">\r\n                <label>First Name <small class="required">*</small></label>\r\n                <input name="onc5khko" value="" required>\r\n            </div>\r\n\r\n            <div class="field x6 last">\r\n                <label>Last Name <small class="required">*</small></label>\r\n                <input name="sk5tyelo" value="" required>\r\n            </div>\r\n\r\n            <div class="field x6">\r\n                <label>Email <small class="required">*</small></label>\r\n                <input type="email" name="mi0moecs" value="" required>\r\n            </div>\r\n\r\n            <div class="field x6 last">\r\n                <label>Phone</label>\r\n                <input type="tel" name="telephone" value="">\r\n            </div>\r\n\r\n            <div class="field x6">\r\n                <label>Address <small class="required">*</small></label>\r\n                <input name="fm-addr" value="" required>\r\n            </div>\r\n\r\n            <div class="field x6 last">\r\n                <label>City <small class="required">*</small></label>\r\n                <input name="fm-town" value="" required>\r\n            </div>\r\n\r\n        </fieldset>\r\n\r\n        <fieldset class="last">\r\n\r\n            <h4>{title-2}</h4>\r\n\r\n            <div class="field x6">\r\n                <label>Number of Bedrooms</label>\r\n                <select name="bedrooms">\r\n                    <option value="1">1</option>\r\n                    <option value="2">2</option>\r\n                    <option value="3">3</option>\r\n                    <option value="4">4</option>\r\n                    <option value="5">5</option>\r\n                    <option value="6">6</option>\r\n                    <option value="7+">7+</option>\r\n                </select>\r\n            </div>\r\n\r\n            <div class="field x6 last">\r\n                <label>Number of Bathrooms</label>\r\n                <select name="bathrooms">\r\n                    <option value="1">1</option>\r\n                    <option value="2">2</option>\r\n                    <option value="3">3</option>\r\n                    <option value="4">4</option>\r\n                    <option value="5">5</option>\r\n                    <option value="6">6</option>\r\n                    <option value="7+">7+</option>\r\n                </select>\r\n            </div>\r\n\r\n            <div class="field x6">\r\n                <label>Square Feet</label>\r\n                <select name="square_feet">\r\n                    <option value="Less than 1000">&lt; 1000</option>\r\n                    <option value="1000 - 1500">1000 - 1500</option>\r\n                    <option value="1500 - 2000">1500 - 2000</option>\r\n                    <option value="2000 - 2500">2000 - 2500</option>\r\n                    <option value="2500 - 3000">2500 - 3000</option>\r\n                    <option value="3000 - 3500">3000 - 3500</option>\r\n                    <option value="3500 - 4000">3500 - 4000</option>\r\n                    <option value="4000 - 4500">4000 - 4500</option>\r\n                    <option value="4500 - 5000">4500 - 5000</option>\r\n                    <option value="5000 - 6000">5000 - 6000</option>\r\n                    <option value="6000 - 7000">6000 - 7000</option>\r\n                    <option value="7000 - 8000">7000 - 8000</option>\r\n                    <option value="8000 - 9000">8000 - 9000</option>\r\n                    <option value="9000 - 10,000">9000 - 10,000</option>\r\n                    <option value="10,000 +">10,000 +</option>\r\n                </select>\r\n            </div>\r\n\r\n            <div class="field x6 last">\r\n                <label>Property Type</label>\r\n                <select name="type_of_property">\r\n                    <option value="house">House</option>\r\n                    <option value="condo">Condo</option>\r\n                    <option value="land">Land</option>\r\n                    <option value="townhome">Townhome</option>\r\n                </select>\r\n            </div>\r\n\r\n            <div class="field x6">\r\n                <label>Price Range</label>\r\n                <select name="price_range">\r\n                    <option value="Less than $300,000">Less than $300,000</option>\r\n                    <option value="$300,000 - $500,000">$300,000 - $500,000</option>\r\n                    <option value="$500,000 - $700,000">$500,000 - $700,000</option>\r\n                    <option value="$700,000 - $900,000">$700,000 - $900,000</option>\r\n                    <option value="$900,000 - $1,000,000">$900,000 - $1,000,000</option>\r\n                    <option value="$1,000,000 - $2,000,000">$1,000,000 - $2,000,000</option>\r\n                    <option value="$1,000,000 - $2,000,000">$1,000,000 - $2,000,000</option>\r\n                    <option value="$2,000,000 - $3,000,000">$2,000,000 - $3,000,000</option>\r\n                    <option value="$3,000,000 - $4,000,000">$3,000,000 - $4,000,000</option>\r\n                    <option value="$4,000,000 - $5,000,000">$4,000,000 - $5,000,000</option>\r\n                    <option value="Over $5,000,000">Over $5,000,000</option>\r\n                </select>\r\n            </div>\r\n\r\n            <div class="field x6 last">\r\n                <label>When do you plan to sell?</label>\r\n                <select name="when_sell">\r\n                    <option value="3_months">3 Months</option>\r\n                    <option value="6_months">6 Months</option>\r\n                    <option value="9_months">9 Months</option>\r\n                    <option value="1_year">1 Year</option>\r\n                    <option value="1_year+">1 Year+</option>\r\n                </select>\r\n            </div>\r\n\r\n        </fieldset>\r\n\r\n    </div>\r\n\r\n    <div class="step two">\r\n\r\n        <fieldset>\r\n\r\n            <h4>{title-3}</h4>\r\n\r\n            <div class="field x12">\r\n                <textarea cols="32" rows="4" name="comments" placeholder="Please list the additional amenities of your house"></textarea>\r\n            </div>\r\n\r\n        </fieldset>\r\n\r\n        <div class="formEnd">\r\n\r\n            <div class="field x12">\r\n                {opt_in}\r\n            </div>\r\n\r\n            <div class="btnset">\r\n                <button type="submit" class="positive">{button-text} <i class="icon-chevron-sign-right"></i></button>\r\n            </div>\r\n\r\n        </div>\r\n\r\n    </div>\r\n\r\n</form>', 'form'),
(1, 'form-seller-radio-boxed', '<form action="?submit" method="post">\r\n\r\n    <input type="hidden" name="sellerradioboxedform" value="true">\r\n    <input class="hidden" name="email" value="" autocomplete="off">\r\n    <input class="hidden" name="first_name" value="" autocomplete="off">\r\n    <input class="hidden" name="last_name" value="" autocomplete="off">\r\n\r\n    <div class="step one">\r\n\r\n        <fieldset>\r\n\r\n            <h4>{title-1}</h4>\r\n\r\n            <div class="field x6">\r\n                <label>First Name <small class="required">*</small></label>\r\n                <input name="onc5khko" value="" required>\r\n            </div>\r\n\r\n            <div class="field x6 last">\r\n                <label>Last Name <small class="required">*</small></label>\r\n                <input name="sk5tyelo" value="" required>\r\n            </div>\r\n\r\n            <div class="field x6">\r\n                <label>Email <small class="required">*</small></label>\r\n                <input type="email" name="mi0moecs" value="" required>\r\n            </div>\r\n\r\n            <div class="field x6 last">\r\n                <label>Phone</label>\r\n                <input type="tel" name="telephone" value="">\r\n            </div>\r\n\r\n            <div class="field x6">\r\n                <label>Address <small class="required">*</small></label>\r\n                <input name="fm-addr" value="" required>\r\n            </div>\r\n\r\n            <div class="field x6 last">\r\n                <label>City <small class="required">*</small></label>\r\n                <input name="fm-town" value="" required>\r\n            </div>\r\n\r\n        </fieldset>\r\n\r\n        <fieldset class="last">\r\n\r\n            <h4>{title-2}</h4>\r\n\r\n            <div class="field x6">\r\n                <label>Number of Bedrooms</label>\r\n                <select name="bedrooms">\r\n                    <option value="1">1</option>\r\n                    <option value="2">2</option>\r\n                    <option value="3">3</option>\r\n                    <option value="4">4</option>\r\n                    <option value="5">5</option>\r\n                    <option value="6">6</option>\r\n                    <option value="7+">7+</option>\r\n                </select>\r\n            </div>\r\n\r\n            <div class="field x6 last">\r\n                <label>Number of Bathrooms</label>\r\n                <select name="bathrooms">\r\n                    <option value="1">1</option>\r\n                    <option value="2">2</option>\r\n                    <option value="3">3</option>\r\n                    <option value="4">4</option>\r\n                    <option value="5">5</option>\r\n                    <option value="6">6</option>\r\n                    <option value="7+">7+</option>\r\n                </select>\r\n            </div>\r\n\r\n            <div class="field x6">\r\n                <label>Square Feet</label>\r\n                <select name="square_feet">\r\n                    <option value="Less than 1000">&lt; 1000</option>\r\n                    <option value="1000 - 1500">1000 - 1500</option>\r\n                    <option value="1500 - 2000">1500 - 2000</option>\r\n                    <option value="2000 - 2500">2000 - 2500</option>\r\n                    <option value="2500 - 3000">2500 - 3000</option>\r\n                    <option value="3000 - 3500">3000 - 3500</option>\r\n                    <option value="3500 - 4000">3500 - 4000</option>\r\n                    <option value="4000 - 4500">4000 - 4500</option>\r\n                    <option value="4500 - 5000">4500 - 5000</option>\r\n                    <option value="5000 - 6000">5000 - 6000</option>\r\n                    <option value="6000 - 7000">6000 - 7000</option>\r\n                    <option value="7000 - 8000">7000 - 8000</option>\r\n                    <option value="8000 - 9000">8000 - 9000</option>\r\n                    <option value="9000 - 10,000">9000 - 10,000</option>\r\n                    <option value="10,000 +">10,000 +</option>\r\n                </select>\r\n            </div>\r\n\r\n            <div class="field x6 last">\r\n                <label>Property Type</label>\r\n                <select name="type_of_property">\r\n                    <option value="house">House</option>\r\n                    <option value="condo">Condo</option>\r\n                    <option value="land">Land</option>\r\n                    <option value="townhome">Townhome</option>\r\n                </select>\r\n            </div>\r\n\r\n            <div class="field x6">\r\n                <label>Price Range</label>\r\n                <select name="price_range">\r\n                    <option value="Less than $300,000">Less than $300,000</option>\r\n                    <option value="$300,000 - $500,000">$300,000 - $500,000</option>\r\n                    <option value="$500,000 - $700,000">$500,000 - $700,000</option>\r\n                    <option value="$700,000 - $900,000">$700,000 - $900,000</option>\r\n                    <option value="$900,000 - $1,000,000">$900,000 - $1,000,000</option>\r\n                    <option value="$1,000,000 - $2,000,000">$1,000,000 - $2,000,000</option>\r\n                    <option value="$1,000,000 - $2,000,000">$1,000,000 - $2,000,000</option>\r\n                    <option value="$2,000,000 - $3,000,000">$2,000,000 - $3,000,000</option>\r\n                    <option value="$3,000,000 - $4,000,000">$3,000,000 - $4,000,000</option>\r\n                    <option value="$4,000,000 - $5,000,000">$4,000,000 - $5,000,000</option>\r\n                    <option value="Over $5,000,000">Over $5,000,000</option>\r\n                </select>\r\n            </div>\r\n\r\n            <div class="field x6 last">\r\n                <label>When do you plan to sell?</label>\r\n                <select name="when_sell">\r\n                    <option value="3_months">3 Months</option>\r\n                    <option value="6_months">6 Months</option>\r\n                    <option value="9_months">9 Months</option>\r\n                    <option value="1_year">1 Year</option>\r\n                    <option value="1_year+">1 Year+</option>\r\n                </select>\r\n            </div>\r\n\r\n        </fieldset>\r\n\r\n    </div>\r\n\r\n    <div class="step two">\r\n\r\n        <fieldset>\r\n\r\n            <h4>{title-3}</h4>\r\n\r\n            <div class="field x12">\r\n                <textarea cols="32" rows="4" name="comments" placeholder="Please list the additional amenities of your house"></textarea>\r\n            </div>\r\n\r\n        </fieldset>\r\n\r\n        <div class="formEnd">\r\n\r\n            <div class="field x12">\r\n                {opt_in}\r\n            </div>\r\n\r\n            <div class="btnset">\r\n                <button type="submit" class="positive">{button-text} <i class="icon-chevron-sign-right"></i></button>\r\n            </div>\r\n\r\n        </div>\r\n\r\n    </div>\r\n\r\n</form>', 'form');
